{"cameraMode":{"drawMode":0,"name":"Shaded","section":"Shading Mode"},"sceneLighting":false,"audioPlay":false,"sceneViewState":{"showFog":true,"showMaterialUpdate":false,"showSkybox":false,"showFlares":true,"showImageEffects":true,"showParticleSystems":true},"in2DMode":false,"pivot":{"x":-327.9747314453125,"y":-40.4468994140625,"z":-440.8401794433594},"rotation":{"x":0.12116555124521256,"y":0.30790579319000246,"z":-0.03956982120871544,"w":0.9428399801254273},"size":1437.4776611328125,"orthographic":false}