{"cameraMode":{"drawMode":0,"name":"Shaded","section":"Shading Mode"},"sceneLighting":false,"audioPlay":false,"sceneViewState":{"showFog":true,"showMaterialUpdate":false,"showSkybox":false,"showFlares":true,"showImageEffects":true,"showParticleSystems":true},"in2DMode":false,"pivot":{"x":-354.78302001953127,"y":-44.06462097167969,"z":-638.0401000976563},"rotation":{"x":-0.1059270054101944,"y":-0.8911176919937134,"z":0.2712799608707428,"w":-0.34798842668533327},"size":1139.0753173828125,"orthographic":false}